{"branches": 34.883720930232556, "coverage": 61.04477611940299}