{"branches": 43.333333333333336, "coverage": 66.83937823834198}