{"branches": 34.883720930232556, "coverage": 61.18175018698578}